Id,Name,DateOfBirth,Email,Gender,Address
,Cymbre Beminster,7/6/2023,,Female,0 Transport Parkway
2.0,Vick Lukasik,2/29/2024,vlukasik1@irs.gov,Male,683 Division Road
3.0,Lanie Padgett,6/18/2023,lpadgett2@bluehost.com,Male,19 Golf View Hill
4.0,Elaine Massow,8/7/2023,emassow3@samsung.com,Female,0 Mandrake Court
5.0,Towney Gronaller,3/31/2024,tgronaller4@skype.com,Male,1 Truax Plaza
6.0,Romola Anniwell,7/6/2023,ranniwell5@jiathis.com,Female,829 Forest Dale Center
7.0,Nonna Smalles,12/12/2023,nsmalles6@gov.uk,Female,8 Pennsylvania Lane
8.0,Byrann Ierland,12/1/2023,bierland7@engadget.com,Male,8 Cody Alley
9.0,Gleda Kivelle,3/22/2024,gkivelle8@nature.com,Female,2 Laurel Place
10.0,Lucho Wathell,2/23/2024,lwathell9@plala.or.jp,Male,7396 American Plaza
11.0,Claude Lattey,3/2/2024,clatteya@google.com.au,Female,66548 Porter Drive
12.0,Sallie Kelwick,6/26/2023,skelwickb@earthlink.net,Female,615 Macpherson Lane
13.0,Zaria Curnow,2/9/2024,zcurnowc@fc2.com,Female,9 Fisk Circle
14.0,Perice Poyle,9/17/2023,ppoyled@ovh.net,Male,6589 Lighthouse Bay Park
15.0,Tedie Geane,8/13/2023,tgeanee@biglobe.ne.jp,Male,76 Forest Dale Crossing
16.0,Desmund Lidgely,6/21/2023,dlidgelyf@google.com.au,Male,7 Mccormick Pass
17.0,Gerhardt Rault,1/25/2024,graultg@google.com,Male,5 Arrowood Alley
18.0,Amalia Leverich,9/4/2023,aleverichh@digg.com,Female,619 Rockefeller Circle
19.0,Quintina Melan,10/13/2023,qmelani@desdev.cn,Female,48096 Village Green Street
20.0,Nils Truss,6/3/2023,ntrussj@washington.edu,Male,01864 Prairieview Road
21.0,Gideon Tembey,11/7/2023,gtembeyk@ameblo.jp,Male,533 Butternut Street
22.0,Emogene Templeman,5/18/2023,etemplemanl@example.com,Female,8511 Fairfield Circle
23.0,Andrey Blenkinship,2/24/2024,ablenkinshipm@ted.com,Male,6 Calypso Alley
24.0,Dag Mallender,8/27/2023,dmallendern@qq.com,Male,41594 Fuller Circle
25.0,Lance Nottingam,12/8/2023,lnottingamo@mashable.com,Male,804 Corscot Point
26.0,Babette Heatlie,11/26/2023,bheatliep@home.pl,Female,46227 Victoria Pass
27.0,Neddy Rydzynski,5/15/2023,nrydzynskiq@i2i.jp,Male,8935 Memorial Park
28.0,Wanids Biggen,1/24/2024,wbiggenr@ed.gov,Female,496 Judy Trail
29.0,Rabi Lyptrit,5/6/2023,rlyptrits@webmd.com,Male,968 Cordelia Crossing
30.0,Crosby Rangeley,6/3/2023,crangeleyt@theguardian.com,Male,06 Delaware Drive
31.0,Lorne Errington,11/4/2023,lerringtonu@senate.gov,Female,845 Holy Cross Court
32.0,Ara Castanares,8/22/2023,acastanaresv@ed.gov,Male,30631 Melvin Avenue
33.0,Bride Winslett,10/28/2023,bwinslettw@hatena.ne.jp,Female,2706 Gerald Crossing
34.0,Louella Westney,1/9/2024,lwestneyx@amazon.co.uk,Female,34329 Dexter Center
35.0,Jeff O'Corrigane,12/2/2023,jocorriganey@wordpress.org,Male,6 Larry Parkway
36.0,Florentia Gresswood,1/30/2024,fgresswoodz@narod.ru,Female,248 Stuart Avenue
37.0,Bernardine Dottrell,9/2/2023,bdottrell10@barnesandnoble.com,Female,6621 Dawn Crossing
,Tamarah Chaplyn,2/20/2024,tchaplyn11@zimbio.com,Female,580 Oak Pass
39.0,Vinnie Kniveton,5/12/2023,vkniveton12@npr.org,Female,91 Warbler Junction
40.0,Jemmy Renhard,3/10/2024,jrenhard13@cnet.com,Female,81906 Upham Lane
41.0,Rey Gozney,4/7/2024,rgozney14@pinterest.com,Female,6726 Monica Parkway
42.0,Neely Haylor,11/12/2023,nhaylor15@jigsy.com,Female,2 Bowman Circle
43.0,Rosanne Barosch,2/1/2024,rbarosch16@jimdo.com,Female,95 Novick Parkway
44.0,Claudius Conkey,8/27/2023,cconkey17@xinhuanet.com,Male,060 Shasta Street
45.0,Avrit Murray,10/4/2023,amurray18@bloglines.com,Female,31 North Junction
46.0,Sutherlan Chismon,1/31/2024,schismon19@booking.com,Male,6452 Northfield Terrace
47.0,Amery Jaan,11/8/2023,ajaan1a@dailymail.co.uk,Male,1923 Armistice Alley
48.0,Udall Afonso,11/8/2023,uafonso1b@elegantthemes.com,Male,25095 Elmside Center
49.0,Miran Leeves,1/5/2024,mleeves1c@npr.org,Female,437 Hagan Park
50.0,Delora Diess,11/26/2023,ddiess1d@xing.com,Female,019 Sauthoff Court
51.0,Jere Babe,5/12/2023,jbabe1e@virginia.edu,Male,9 Oriole Parkway
52.0,Shirline Colkett,3/6/2024,scolkett1f@dell.com,Female,8 Corscot Lane
53.0,Moss Pagram,3/10/2024,mpagram1g@si.edu,Male,61193 Prentice Place
54.0,Melitta Hails,6/26/2023,mhails1h@edublogs.org,Female,4 Cascade Lane
55.0,Jodee Manis,9/19/2023,jmanis1i@washingtonpost.com,Female,43 Bluestem Place
56.0,Aggie Wilprecht,4/11/2023,awilprecht1j@example.com,Female,737 Killdeer Lane
57.0,Shermy Skally,10/16/2023,sskally1k@slashdot.org,Male,3172 Bayside Plaza
58.0,Inesita Clyant,7/3/2023,iclyant1l@earthlink.net,Female,2886 Bashford Park
59.0,Lenore Grimstead,7/28/2023,lgrimstead1m@fema.gov,Female,2967 Cordelia Parkway
60.0,Roanne Lind,5/22/2023,rlind1n@bravesites.com,Female,72 Sauthoff Trail
61.0,Benyamin O'Hanley,6/7/2023,bohanley1o@google.ca,Male,2 Reindahl Crossing
62.0,Benedick Pirot,8/28/2023,bpirot1p@miibeian.gov.cn,Male,57147 Sage Circle
63.0,Cecilio Dingle,10/9/2023,cdingle1q@dot.gov,Male,71337 Jana Crossing
64.0,Desirae Stanlike,1/5/2024,dstanlike1r@lulu.com,Female,2678 Artisan Junction
65.0,Teri Viegas,12/20/2023,tviegas1s@rakuten.co.jp,Female,8 Anniversary Parkway
66.0,Leonora Starmer,5/26/2023,lstarmer1t@ebay.co.uk,Female,78 Messerschmidt Point
67.0,Ekaterina Mayhou,3/10/2024,emayhou1u@alibaba.com,Female,0 Darwin Way
68.0,Katya Phipson,7/21/2023,kphipson1v@skyrock.com,Female,2263 Elmside Circle
69.0,Ruy Gianilli,12/25/2023,rgianilli1w@home.pl,Male,1274 Old Shore Terrace
70.0,Em McLoney,11/28/2023,emcloney1x@sitemeter.com,Female,6555 Rockefeller Junction
71.0,Genia Dopson,9/29/2023,gdopson1y@geocities.jp,Female,9401 Bay Drive
72.0,Emmalee Tomeo,3/20/2024,etomeo1z@webmd.com,Female,449 Bartillon Park
73.0,Robinett Southcomb,9/28/2023,rsouthcomb20@mit.edu,Female,2 Maryland Court
74.0,Kris McCallum,12/22/2023,kmccallum21@domainmarket.com,Female,827 Westridge Park
75.0,Cordelia Vlies,6/29/2023,cvlies22@webeden.co.uk,Female,56092 American Ash Lane
76.0,Trudy Koppe,2/6/2024,tkoppe23@noaa.gov,Female,13814 Westend Junction
77.0,Angelina Nassi,8/25/2023,anassi24@cbslocal.com,Female,150 Londonderry Court
78.0,Mahmud Aurelius,1/31/2024,maurelius25@google.de,Male,2145 Fisk Junction
79.0,Gustavo Kinny,1/1/2024,gkinny26@hexun.com,Male,76827 Shelley Plaza
80.0,Dareen Scutchin,7/30/2023,dscutchin27@who.int,Female,4 Heffernan Street
81.0,Rafe Dionisio,1/28/2024,rdionisio28@dedecms.com,Male,24 Dorton Lane
82.0,Ashly Skamell,3/13/2024,askamell29@ehow.com,Female,8469 Maple Road
83.0,Filbert Horney,8/25/2023,fhorney2a@europa.eu,Male,43 Victoria Plaza
84.0,Ariel Khomin,6/29/2023,akhomin2b@google.com.hk,Female,9579 Tennyson Circle
85.0,Kelsi McQuirk,10/13/2023,kmcquirk2c@auda.org.au,Female,5321 Monterey Trail
86.0,Oriana Godin,12/19/2023,ogodin2d@irs.gov,Female,
87.0,Jacenta Neillans,12/14/2023,jneillans2e@wp.com,Female,7 American Park
88.0,Roanne Douce,2/9/2024,rdouce2f@gizmodo.com,Female,01 Ryan Hill
89.0,Blair Cakes,8/31/2023,bcakes2g@army.mil,Male,60 Manufacturers Court
90.0,Chantal Brydie,3/4/2024,cbrydie2h@state.gov,Female,0013 Barby Crossing
91.0,Orazio Borlease,6/7/2023,oborlease2i@gov.uk,Male,76619 Schiller Junction
92.0,Trenton Lakey,7/17/2023,tlakey2j@creativecommons.org,Male,4 Straubel Crossing
93.0,Heinrik Bending,5/5/2023,hbending2k@hao123.com,Male,920 Carberry Hill
94.0,Lorry Graeber,5/11/2023,lgraeber2l@xing.com,Male,8 Mosinee Pass
95.0,Vasili Bunyard,11/29/2023,vbunyard2m@hexun.com,Male,177 Fisk Drive
96.0,Drusie Barajas,1/8/2024,dbarajas2n@marriott.com,Female,6032 Kennedy Terrace
97.0,Hill Stokoe,10/27/2023,hstokoe2o@vimeo.com,Male,62 Debra Drive
98.0,Vale Eitter,2/29/2024,veitter2p@opera.com,Male,73 Mariners Cove Circle
99.0,Melloney Kinloch,11/15/2023,mkinloch2q@csmonitor.com,Female,65 Becker Street
100.0,Laurens Bruineman,1/11/2024,lbruineman2r@cpanel.net,Male,756 Del Mar Trail
